<?xml version="1.0" encoding="UTF-8"?>
<beans:beans xmlns="http://www.springframework.org/schema/security"
	xmlns:beans="http://www.springframework.org/schema/beans" 
	xmlns:xsi="http://www.w3.org/2001/XMLSchema-instance"
	xmlns:webflow-config="http://www.springframework.org/schema/webflow-config"
	xsi:schemaLocation="http://www.springframework.org/schema/beans
	http://www.springframework.org/schema/beans/spring-beans.xsd
	http://www.springframework.org/schema/security
	http://www.springframework.org/schema/security/spring-security.xsd
	http://www.springframework.org/schema/webflow-config 
	http://www.springframework.org/schema/webflow-config/spring-webflow-config.xsd">
	 
	  <http auto-config="true"  use-expressions="true">
	 	    <!--  <intercept-url pattern="/admin1**" access="hasRole('ROLE_ADMIN')"/> -->
            <!-- <intercept-url pattern="/login/**" access="hasRole('ROLE_USER')"/> -->
             <!-- <intercept-url pattern="/user/**" access="hasRole('ROLE_USER')" /> -->
             
        
		<intercept-url pattern="/admin**" access="hasRole('ROLE_ADMIN')"/>
		<intercept-url pattern="/user**" access="hasRole('ROLE_USER')"/>
		<intercept-url pattern="/adminPage**" access="hasRole('ROLE_ADMIN')"/>
		<intercept-url pattern="/newProduct**" access="hasRole('ROLE_ADMIN')"/>
		<intercept-url pattern="/editProduct**" access="hasRole('ROLE_ADMIN')"/>
		<intercept-url pattern="/viewProduct**" access="hasAnyRole('ROLE_ADMIN','ROLE_USER')"/>
		<intercept-url pattern="/retriveRecords**" access="hasAnyRole('ROLE_ADMIN','ROLE_USER')"/>
		<intercept-url pattern="/viewCart**" access="hasRole('ROLE_USER')"/>
					
		
		<!-- <intercept-url pattern="/ret/**" access="hasRole('ROLE_USER')"/> -->
		 <form-login login-page="/loginPage" login-processing-url="/j_spring_security_check"
			default-target-url="/validate" authentication-failure-url="/fail2login"
			 username-parameter="j_username"
			password-parameter="j_password" />
			
		<logout logout-url="/j_spring_security_Logout" logout-success-url="/logout" delete-cookies="JSESSIONID"/>    
		 <csrf disabled="true"/>
    </http> 	 
	<authentication-manager>
	<authentication-provider>
	<jdbc-user-service data-source-ref="dataSource" 
	 users-by-username-query="select name,password,status from user123 where name=?" 
authorities-by-username-query="select u1.name,u1.role from user123 u1, user123 u2 where u1.id = u2.id and u1.name =?" />
	</authentication-provider>
	</authentication-manager>
	
	</beans:beans>