<?xml version="1.0" encoding="UTF-8"?>
<beans xmlns="http://www.springframework.org/schema/beans"
       xmlns:xsi="http://www.w3.org/2001/XMLSchema-instance" xmlns:p="http://www.springframework.org/schema/p"
       xmlns:context="http://www.springframework.org/schema/context"
       xmlns:mvc="http://www.springframework.org/schema/mvc"
       xmlns:webflow-config="http://www.springframework.org/schema/webflow-config"
       xsi:schemaLocation="
    http://www.springframework.org/schema/beans
    http://www.springframework.org/schema/beans/spring-beans-3.0.xsd
    http://www.springframework.org/schema/context
    http://www.springframework.org/schema/context/spring-context-3.0.xsd
    http://www.springframework.org/schema/mvc
    http://www.springframework.org/schema/mvc/spring-mvc-3.0.xsd
    http://www.springframework.org/schema/webflow-config 
    http://www.springframework.org/schema/webflow-config/spring-webflow-config.xsd">
	<context:component-scan base-package="com.niit.shoppingcart"/>
	<mvc:annotation-driven/>
		<mvc:resources mapping="/resources/**" location="/resources/"/>
	 <bean class="org.springframework.web.servlet.view.InternalResourceViewResolver" id="viewResolver"> 
		<property name="prefix" value="/WEB-INF/view/" />  
        <property name="suffix" value=".jsp" />  
        
	</bean>
	<bean id="multipartResolver"
		class="org.springframework.web.multipart.commons.CommonsMultipartResolver">

		 <!-- setting maximum upload size -->
		<property name="maxUploadSize" value="1000000" />

	</bean>
	<bean id="webexpressionHandler" class="org.springframework.security.web.access.expression.DefaultWebSecurityExpressionHandler" /> 
	<webflow-config:flow-executor id="flowExecutor"
		flow-registry="flowRegistry" />

	<webflow-config:flow-registry id="flowRegistry"
		base-path="/WEB-INF/bb">
		<webflow-config:flow-location path="/checkout-flow.xml"
			id="checkout" />
	</webflow-config:flow-registry>

	<bean id="flowHandlerMapping"
		class="org.springframework.webflow.mvc.servlet.FlowHandlerMapping">
		<property name="flowRegistry" ref="flowRegistry" />
	</bean>

	<bean id="flowHandlerAdapter"
		class="org.springframework.webflow.mvc.servlet.FlowHandlerAdapter">
		<property name="flowExecutor" ref="flowExecutor" />
	</bean>
		
	</beans>